[
  {
    "id": "96b27282-6bfe-43b4-97c5-5989bb4acafc",
    "data": [
      {
        "text": "Cat facts",
        "userDefined": false
      }
    ],
    "isTemplate": false,
    "count": 0,
    "updated": 0
  },
  {
    "id": "25a9c6ee-b182-4679-8e38-958aa7546758",
    "data": [
      {
        "text": "Tell me about cats",
        "userDefined": false
      }
    ],
    "isTemplate": false,
    "count": 0,
    "updated": 0
  },
  {
    "id": "b1dd1c8d-c93e-4d29-b813-98eec5461681",
    "data": [
      {
        "text": "Cats",
        "userDefined": false
      }
    ],
    "isTemplate": false,
    "count": 0,
    "updated": 0
  },
  {
    "id": "b039a881-4a31-4de2-aae9-891b04378cdd",
    "data": [
      {
        "text": "I want to hear about cats",
        "userDefined": false
      }
    ],
    "isTemplate": false,
    "count": 0,
    "updated": 0
  }
]